{"action":{"rate_cmd_radps":{"pitch":0.09324885159730911,"yaw":0.09468971937894821,"roll":-0.1721358448266983},"thrust_cmd":0.0,"aux":[-0.23529288172721863,-0.39191943407058716]},"diagnostics":{"policy_latency_ms":0.6010410143062472,"obs_clip_fractions":{"low":0.11764705882352941,"high":0.058823529411764705},"value_estimate":null},"safety":{"clamped":false,"clamp_reason":null},"timestamp":1755988148.409235,"success":true,"error":null}