{"action":{"rate_cmd_radps":{"pitch":0.0754714086651802,"yaw":0.08718650788068771,"roll":-0.16415242850780487},"thrust_cmd":0.04892301559448242,"aux":[-0.31493598222732544,-0.2698248326778412]},"diagnostics":{"policy_latency_ms":0.45900000259280205,"obs_clip_fractions":{"low":0.11764705882352941,"high":0.058823529411764705},"value_estimate":null},"safety":{"clamped":false,"clamp_reason":null},"timestamp":1755989944.427965,"success":true,"error":null}