{
  "num_successful_runs": 10,
  "overall_success_rate": {
    "mean": 0.0,
    "std": 0.0,
    "min": 0.0,
    "max": 0.0
  },
  "average_reward": {
    "mean": 232.42921267365227,
    "std": 40.93623896087188,
    "min": 170.1789682170642,
    "max": 275.96321292566967
  },
  "average_steps": {
    "mean": 250.0,
    "std": 0.0,
    "min": 250.0,
    "max": 250.0
  },
  "average_final_distance": {
    "mean": 1068.165646680711,
    "std": 170.95965699491424,
    "min": 860.8383081501679,
    "max": 1411.7628291877531
  }
}