{
  "n_episodes": 25,
  "timestamp": "2025-11-10T13:51:30.630255",
  "success_rate": 1.0,
  "mean_reward": 383.8406317138672,
  "std_reward": 2039.6954762489902,
  "min_reward": -738.6801147460938,
  "max_reward": 5903.748046875,
  "mean_miss_distance": 0.42481625139713286,
  "std_miss_distance": 0.3869188425310598,
  "mean_min_distance": 0.049138693362474443,
  "mean_episode_length": 1152.8,
  "std_episode_length": 144.33544263277818,
  "mean_fuel_used": 0.0,
  "std_fuel_used": 0.0,
  "option_usage": {
    "SEARCH": 7717,
    "TRACK": 8290,
    "TERMINAL": 12813
  },
  "option_usage_percentages": {
    "SEARCH": 26.7765440666204,
    "TRACK": 28.764746703678,
    "TERMINAL": 44.4587092297016
  },
  "mean_switches_per_episode": 17.88,
  "std_switches_per_episode": 2.5031180555459227,
  "total_switches": 447,
  "mean_forced_transitions": 11.8,
  "mean_selector_decisions": 6.08,
  "episodes": [
    {
      "episode_id": 0,
      "seed": null,
      "reward": -275.07440185546875,
      "steps": 1181,
      "success": 